{
 "Metric": "Complexity (log10 WMOPS)",
 "VQ Bitrate": [
  "12 bits",
  "16 bits",
  "20 bits",
  "24 bits",
  "28 bits",
  "32 bits",
  "36 bits",
  "40 bits"
 ],
 "AVQ": [
  -0.4864920792092946,
  0.10798354591288245,
  0.7196476099884205,
  1.3518490449730725,
  1.5461956074510657,
  1.7821154815608145,
  2.046521673828493,
  2.328012459262243
 ],
 "RVQ": [
  -1.9889373052702652,
  -1.7100099339456807,
  -1.4204679098421358,
  -1.1252979018554377,
  -0.8272278203219707,
  -0.5276853811920604,
  -0.22740107887469635,
  0.07325558942615694
 ],
 "PVQ": [
  -2.5728385970740346,
  -2.300856312605516,
  -2.0151127989356725,
  -1.7219326691113375,
  -1.4248814629133089,
  -1.1258546153815672,
  -0.8258296692310124,
  -0.5253030718831712
 ]
}