{
 "Metric": "Recall @ T",
 "T": [
  "1",
  "10",
  "100",
  "1000",
  "10000"
 ],
 "Mean (RVQ proposed)": [
  0.27114,
  0.68859,
  0.96029,
  0.99932,
  0.9993500000000001
 ],
 "Quantile Low (RVQ proposed)": [
  0.265085,
  0.6802250000000001,
  0.9580474999999999,
  0.9987900000000001,
  0.9987900000000001
 ],
 "Quantile High (RVQ proposed)": [
  0.27883,
  0.6966325,
  0.9624425,
  0.9996550000000001,
  0.9997550000000001
 ],
 "RVQ baseline": [
  0.26281,
  0.66241,
  0.95604,
  1.0,
  1.0
 ]
}