{
 "Metric": "Complexity (log10 WMOPS)",
 "VQ Bitrate": [
  "12 bits",
  "16 bits",
  "20 bits",
  "24 bits",
  "28 bits",
  "32 bits",
  "36 bits",
  "40 bits"
 ],
 "AVQ": [
  -0.31026327412521015,
  -0.17530026099104476,
  0.010589107271876189,
  0.24012023305003158,
  0.5004398483193758,
  0.779587978425412,
  1.0692492114090146,
  1.364481239994905
 ],
 "RVQ": [
  -2.2892059000696725,
  -2.010105436281227,
  -1.7204699350245596,
  -1.425251291649823,
  -1.127156395614195,
  -0.8276014220606953,
  -0.5273108203575688,
  -0.22665099427212598
 ],
 "PVQ": [
  -2.8709549401120418,
  -2.598254917762937,
  -2.3121144751512945,
  -2.018725167293411,
  -1.721566523462584,
  -1.422485222226635,
  -1.1224328625628763,
  -0.8218925114194595
 ]
}