{
 "Metric": "Peak SNR",
 "VQ Bitrate": [
  "12 bits",
  "16 bits",
  "20 bits",
  "24 bits",
  "28 bits",
  "32 bits",
  "36 bits",
  "40 bits"
 ],
 "Mean (AVQ)": [
  23.40431896960351,
  24.404249350757915,
  24.94285671930229,
  25.459000064841568,
  26.073084329143075,
  26.596883897815253,
  27.043175735495737,
  27.420277450665118
 ],
 "Quantile Low (AVQ)": [
  23.149660926499035,
  24.18801687104247,
  24.767741991954683,
  25.289100667398905,
  25.586492620031407,
  26.377071124856165,
  26.732546333633312,
  27.18396731871329
 ],
 "Quantile High (AVQ)": [
  23.563234051644297,
  24.535648968422592,
  25.153127577808675,
  25.641747878556956,
  26.302015481566144,
  26.767915310844337,
  27.237824331477867,
  27.625302885210814
 ],
 "Mean (RVQ)": [
  23.57392219421082,
  24.663779558178003,
  25.362886220541657,
  26.07757968560126,
  26.506259299618325,
  26.83587529387193,
  27.276009320611887,
  27.614413111030494
 ],
 "Quantile Low (RVQ)": [
  23.435564100370744,
  24.351370354344745,
  25.102352003709836,
  25.821393297618,
  26.345440145101072,
  26.595198804799637,
  27.0062141272422,
  27.23114921176434
 ],
 "Quantile High (RVQ)": [
  23.71122379115988,
  24.859080454648936,
  25.593052183354846,
  26.332744212754044,
  26.690019587745496,
  27.016586453479153,
  27.494370526686083,
  27.956504640524173
 ],
 "Mean (PVQ)": [
  23.81299634820018,
  24.398710741790264,
  24.903641292319502,
  25.105237295876726,
  25.56654015299316,
  25.97661943023254,
  26.526787971347982,
  26.62345197503811
 ],
 "Quantile Low (PVQ)": [
  23.692596124033308,
  24.280037970574448,
  24.690945448655807,
  24.909203122551613,
  25.17924775202849,
  25.722114338431787,
  26.224933817460112,
  25.859643783001502
 ],
 "Quantile High (PVQ)": [
  24.00673338011927,
  24.540334492758824,
  25.082371763435695,
  25.29323957299821,
  25.79633626552815,
  26.213161208319796,
  26.847065468994042,
  26.99690999673436
 ]
}