{
 "Metric": "SSIM",
 "VQ Bitrate": [
  "12 bits",
  "16 bits",
  "20 bits",
  "24 bits",
  "28 bits",
  "32 bits",
  "36 bits",
  "40 bits"
 ],
 "Mean (AVQ)": [
  0.8329944780867174,
  0.8757331424544879,
  0.8977484970461154,
  0.9149252261276587,
  0.9283785998535885,
  0.9380268377643878,
  0.9454088497320756,
  0.9508170676777776
 ],
 "Quantile Low (AVQ)": [
  0.8209125115102968,
  0.8723934393382804,
  0.8954960730992689,
  0.9129433661817884,
  0.9252160183188032,
  0.9354369940478674,
  0.942162274187386,
  0.9480169359865114
 ],
 "Quantile High (AVQ)": [
  0.8396562842938255,
  0.8778037905930157,
  0.9005398613026855,
  0.9163591045418988,
  0.9300837900341642,
  0.9398452599190735,
  0.9469471240042274,
  0.9529330174781483
 ],
 "Mean (RVQ)": [
  0.8304839377743788,
  0.870888673258716,
  0.8943558330241658,
  0.9128236308158396,
  0.9252949030686297,
  0.9343848805176677,
  0.9426247846745722,
  0.9478861024108378
 ],
 "Quantile Low (RVQ)": [
  0.8251049564964092,
  0.8653478068774455,
  0.8911276069515658,
  0.9095009559889917,
  0.9225853204757158,
  0.9324340548897296,
  0.9403950614893205,
  0.9438303266007873
 ],
 "Quantile High (RVQ)": [
  0.8350797313870941,
  0.8755353838578349,
  0.8968159877820991,
  0.9162308670572265,
  0.9275336650108861,
  0.9356328233421212,
  0.9441716881385291,
  0.9503327077740504
 ],
 "Mean (PVQ)": [
  0.8376756236912615,
  0.8695414516832664,
  0.8911185164327238,
  0.9045776473049726,
  0.917504463754403,
  0.9271121654065102,
  0.9375629587949618,
  0.9399107913813924
 ],
 "Quantile Low (PVQ)": [
  0.8319405619116471,
  0.8663912778084121,
  0.8881200532752523,
  0.901225921794755,
  0.9113578347346326,
  0.9201612355389501,
  0.9354366266507657,
  0.9218644967430163
 ],
 "Quantile High (PVQ)": [
  0.8435630486370366,
  0.8727142873513712,
  0.894400274266034,
  0.9082531462294515,
  0.9211914605330362,
  0.9303409040970626,
  0.9410723944225438,
  0.944791675694477
 ]
}