{
 "Data Dimension": "128",
 "Metric": "MSE",
 "VQ Bitrate": [
  "12 bits",
  "16 bits",
  "20 bits",
  "24 bits",
  "28 bits",
  "32 bits",
  "36 bits",
  "40 bits"
 ],
 "Mean (AVQ)": [
  128.171807337444,
  124.92582826680271,
  120.06318766067668,
  115.00241131626967,
  109.90431724619259,
  104.75458661476168,
  99.5201709525296,
  94.1580504948339
 ],
 "Quantile Low (AVQ)": [
  128.14099773655317,
  124.90973253426311,
  120.05921096024528,
  114.99819850333328,
  109.90100446112683,
  104.75079523436412,
  99.51363631457147,
  94.15331191083934
 ],
 "Quantile High (AVQ)": [
  128.19215809216306,
  124.9532970871426,
  120.0682872621171,
  115.00562821380144,
  109.90854757559309,
  104.7585633285029,
  99.52547280603167,
  94.1617964963765
 ],
 "Mean (RVQ)": [
  129.27792457984822,
  124.95662668074473,
  120.18134847843103,
  115.76737948284892,
  111.16106983116904,
  106.36653161588131,
  101.42505919966644,
  96.272437097188
 ],
 "Quantile Low (RVQ)": [
  129.25809714019496,
  124.94999900018611,
  120.17650130608652,
  115.75621695072475,
  111.15376260936856,
  106.36374633877985,
  101.42030399294066,
  96.2693311197591
 ],
 "Quantile High (RVQ)": [
  129.30662698810764,
  124.96603356181326,
  120.18503832502248,
  115.77401920168278,
  111.16672026759053,
  106.37120391220897,
  101.42914595390069,
  96.27494304071517
 ],
 "Mean (PVQ)": [
  129.23810851162625,
  124.87419063016678,
  120.09908730477994,
  115.08758317346447,
  110.49598936251502,
  105.66693298677372,
  100.80954622522209,
  95.90930812761906
 ],
 "Quantile Low (PVQ)": [
  129.23539730535296,
  124.87019697895803,
  120.09658239604438,
  115.07661626017733,
  110.49195427380029,
  105.66459491691207,
  100.80394049814537,
  95.90405616275791
 ],
 "Quantile High (PVQ)": [
  129.24171833701504,
  124.87860925157965,
  120.10314285641536,
  115.0987392617852,
  110.50044324086696,
  105.67058573373102,
  100.81568624978588,
  95.9153364128417
 ]
}