{
 "Data Dimension": "64",
 "Metric": "MSE",
 "VQ Bitrate": [
  "12 bits",
  "16 bits",
  "20 bits",
  "24 bits",
  "28 bits",
  "32 bits",
  "36 bits",
  "40 bits"
 ],
 "Mean (AVQ)": [
  116.02730086719187,
  109.63591408271716,
  101.17194048580069,
  92.69409179734944,
  84.50737028225396,
  76.76038503291639,
  69.45682912597097,
  62.56446685793454
 ],
 "Quantile Low (AVQ)": [
  116.00227206153632,
  109.62737631620978,
  101.11208844933782,
  92.68795042202592,
  84.4988370625589,
  76.75476088451292,
  69.44803806226061,
  62.56020028846001
 ],
 "Quantile High (AVQ)": [
  116.0480051121969,
  109.64869275230873,
  101.20769464176452,
  92.6996455079717,
  84.51528391400592,
  76.76477613932475,
  69.46625228102425,
  62.56986878324854
 ],
 "Mean (RVQ)": [
  118.396586860952,
  109.70465725963027,
  101.98660302987562,
  95.41553133291681,
  88.17981632160112,
  81.04031430778093,
  74.13532674766955,
  67.4102958331582
 ],
 "Quantile Low (RVQ)": [
  118.39005825507775,
  109.69666650717807,
  101.96962584950099,
  95.38781024590752,
  88.16914144159949,
  81.03363482281995,
  74.12870179982973,
  67.40300339147508
 ],
 "Quantile High (RVQ)": [
  118.4085580655175,
  109.72321017790406,
  102.004894074763,
  95.43655141984735,
  88.18575065469993,
  81.04723040349363,
  74.1443893081143,
  67.41809268974546
 ],
 "Mean (PVQ)": [
  118.38928342009237,
  109.68633369704771,
  100.24717765990687,
  92.12085152760527,
  83.78971439945451,
  75.80398931946709,
  68.25601836000978,
  61.18218868319387
 ],
 "Quantile Low (PVQ)": [
  118.37981384052043,
  109.67458939035095,
  100.22967202859286,
  92.10886567013202,
  83.78146143545139,
  75.78984209486131,
  68.24538554784644,
  61.176204007038
 ],
 "Quantile High (PVQ)": [
  118.39688237867936,
  109.69736684481266,
  100.26225908758569,
  92.13484996410719,
  83.80121115021896,
  75.81851559956851,
  68.26306536345072,
  61.18754239203327
 ]
}