{
 "Data Dimension": "256",
 "Metric": "MSE",
 "VQ Bitrate": [
  "12 bits",
  "16 bits",
  "20 bits",
  "24 bits",
  "28 bits",
  "32 bits",
  "36 bits",
  "40 bits"
 ],
 "Mean (AVQ)": [
  134.12281203487123,
  132.4360098222217,
  129.85981707970524,
  127.1063260463159,
  124.21473054734977,
  121.17622577683399,
  117.94626276571924,
  114.46367354962547
 ],
 "Quantile Low (AVQ)": [
  134.12064240690003,
  132.43468152077588,
  129.85873984832978,
  127.10357718160262,
  124.21184833237315,
  121.17292687649001,
  117.94383401034231,
  114.46110967495517
 ],
 "Quantile High (AVQ)": [
  134.12444661817307,
  132.43750627914443,
  129.86161464936134,
  127.10756317737558,
  124.21711468586487,
  121.17878090915833,
  117.94893998541123,
  114.46753490988543
 ],
 "Mean (RVQ)": [
  134.77919102564834,
  132.45000810527458,
  129.89906330523036,
  127.22714567926866,
  124.52923315090467,
  121.62649184509685,
  118.48614710501151,
  115.02788858647068
 ],
 "Quantile Low (RVQ)": [
  134.7626771831946,
  132.44804032148284,
  129.8971336620566,
  127.2260228813595,
  124.52733400045312,
  121.62331677117602,
  118.48290664084928,
  115.02591275725366
 ],
 "Quantile High (RVQ)": [
  134.79347269110346,
  132.45187896106611,
  129.90051497553,
  127.22810192207463,
  124.53150931084669,
  121.6301037265189,
  118.48861248528232,
  115.03087613910827
 ],
 "Mean (PVQ)": [
  134.65086231914444,
  132.4688542864663,
  130.06259625050652,
  127.4464458488126,
  124.84254471636696,
  122.14207755603036,
  119.33637684105736,
  116.39352994643714
 ],
 "Quantile Low (PVQ)": [
  134.64933748479598,
  132.46540054574734,
  130.05957252879293,
  127.4423498664734,
  124.84047197204288,
  122.13974900299533,
  119.33302909591447,
  116.38984714968936
 ],
 "Quantile High (PVQ)": [
  134.6527120027211,
  132.47212509846253,
  130.06555972409936,
  127.45133770279462,
  124.84538776121906,
  122.1451383213011,
  119.33888584053835,
  116.39719646594189
 ]
}