{
 "Metric": "Recall @ T",
 "T": [
  "1",
  "2",
  "4",
  "8",
  "16",
  "32",
  "64",
  "128",
  "256",
  "512"
 ],
 "Mean (AVQ proposed)": [
  0.29226,
  0.4165,
  0.5488999999999999,
  0.67879,
  0.79501,
  0.88594,
  0.94662,
  0.97941,
  0.9931699999999999,
  0.9982900000000001
 ],
 "Quantile Low (AVQ proposed)": [
  0.28622499999999995,
  0.405295,
  0.5363325,
  0.6674575,
  0.7849575,
  0.8792575,
  0.944135,
  0.9771124999999999,
  0.9920125,
  0.997645
 ],
 "Quantile High (AVQ proposed)": [
  0.3041225,
  0.4279275,
  0.5628850000000001,
  0.6889474999999999,
  0.8038575,
  0.8964475,
  0.950495,
  0.9821325,
  0.994675,
  0.999065
 ],
 "Mean (RVQ proposed)": [
  0.27344,
  0.39262,
  0.5205900000000001,
  0.65004,
  0.7687999999999999,
  0.8657499999999999,
  0.9324999999999999,
  0.9715,
  0.9898,
  0.9973600000000001
 ],
 "Quantile Low (RVQ proposed)": [
  0.2675025,
  0.38429749999999996,
  0.5141475,
  0.64336,
  0.7580375,
  0.8595425,
  0.9294125,
  0.9686925000000001,
  0.9886225000000001,
  0.9962025
 ],
 "Quantile High (RVQ proposed)": [
  0.277495,
  0.4000625,
  0.52854,
  0.655005,
  0.7745774999999999,
  0.872475,
  0.9354525,
  0.9734975,
  0.99081,
  0.9980775
 ],
 "Mean (PVQ proposed)": [
  0.22597,
  0.32746,
  0.44103000000000003,
  0.5622199999999999,
  0.6871599999999999,
  0.7969200000000001,
  0.8822000000000001,
  0.9408800000000002,
  0.9745100000000001,
  0.99047
 ],
 "Quantile Low (PVQ proposed)": [
  0.221545,
  0.3248225,
  0.4359925,
  0.5584600000000001,
  0.6813975,
  0.7907575,
  0.8796675,
  0.937725,
  0.9723,
  0.989445
 ],
 "Quantile High (PVQ proposed)": [
  0.277495,
  0.4000625,
  0.52854,
  0.655005,
  0.7745774999999999,
  0.872475,
  0.9354525,
  0.9734975,
  0.99081,
  0.9980775
 ],
 "AVQ baseline": [
  0.31292246520874767,
  0.4433399602385686,
  0.6047713717693839,
  0.7447316103379722,
  0.8584493041749504,
  0.9411530815109345,
  0.9793240556660041,
  0.996023856858847,
  0.9968190854870776,
  0.9984095427435389
 ],
 "PVQ baseline": [
  0.23419483101391647,
  0.3288270377733601,
  0.4544731610337972,
  0.5880715705765409,
  0.7256461232604374,
  0.8393638170974156,
  0.9093439363817098,
  0.9594433399602387,
  0.9856858846918489,
  0.9952286282306164
 ]
}