{
 "Metric": "PESQ",
 "Sampling Rate": [
  "8 kbits/sec",
  "9.6 kbits/sec",
  "13.2 kbits/sec",
  "16.4 kbits/sec",
  "24.4 kbits/sec",
  "32 kbits/sec"
 ],
 "Mean (AVQ)": [
  2.4510576047515142,
  2.6611695315091666,
  3.0323861780512424,
  3.285963190830391,
  3.727006878743645,
  4.005304846690811
 ],
 "Quantile Low (AVQ)": [
  1.6555016934871674,
  1.7916692197322845,
  2.070290297269821,
  2.3245135962963106,
  2.877943080663681,
  3.3503717482089996
 ],
 "Quantile High (AVQ)": [
  3.2476763129234314,
  3.4763958334922793,
  3.8264690339565277,
  4.008750057220459,
  4.282473409175873,
  4.42471877336502
 ],
 "Mean (RVQ)": [
  2.360915881213341,
  2.567138994604577,
  2.9413257467837735,
  3.19882333783703,
  3.6445760304691226,
  3.928848172690122
 ],
 "Quantile Low (RVQ)": [
  1.5318621903657914,
  1.6398244738578798,
  1.8485609591007233,
  2.0429775297641757,
  2.558329200744629,
  3.025459218025208
 ],
 "Quantile High (RVQ)": [
  3.114813441038132,
  3.342303788661957,
  3.7208377957344054,
  3.9366937637329102,
  4.227090811729431,
  4.382589662075043
 ],
 "Mean (PVQ)": [
  2.2812970891708635,
  2.4970553921379204,
  2.885598014147227,
  3.150712413096246,
  3.6144380166785406,
  3.911162601354468
 ],
 "Quantile Low (PVQ)": [
  1.5324891060590744,
  1.638664296269417,
  1.8861545294523239,
  2.0882199108600616,
  2.6299086213111877,
  3.1149352848529817
 ],
 "Quantile High (PVQ)": [
  2.9800220012664798,
  3.253725081682205,
  3.6739545166492467,
  3.8957711815834046,
  4.207396721839905,
  4.373477721214295
 ]
}