{
 "Metric": "pSNR",
 "Sampling Rate": [
  "8 kbits/sec",
  "9.6 kbits/sec",
  "13.2 kbits/sec",
  "16.4 kbits/sec",
  "24.4 kbits/sec",
  "32 kbits/sec"
 ],
 "Mean (AVQ)": [
  6.154227366235663,
  7.098993053913475,
  8.864915243801557,
  10.21955737393114,
  13.188867726934005,
  15.80155076354579
 ],
 "Quantile Low (AVQ)": [
  1.37586590178062,
  2.764677162292593,
  4.792886518095568,
  6.6260452782192845,
  9.759728141924828,
  12.189152758722702
 ],
 "Quantile High (AVQ)": [
  9.546307424258258,
  10.418753543171952,
  12.200562002184565,
  13.450954535117862,
  16.46103371277915,
  19.2074562755201
 ],
 "Mean (RVQ)": [
  5.747392652727999,
  6.709142102377575,
  8.520522788895857,
  9.867390776029401,
  12.796386062738776,
  15.354519336823902
 ],
 "Quantile Low (RVQ)": [
  0.3294439120936899,
  1.5138110953577237,
  3.664600131205911,
  5.348443142530705,
  8.40990432223441,
  10.864866492847867
 ],
 "Quantile High (RVQ)": [
  9.330631354930869,
  10.316312797544443,
  12.07713557808709,
  13.375383683478638,
  16.268656894132324,
  19.014240669163808
 ],
 "Mean (PVQ)": [
  5.419375937403495,
  6.444095681928164,
  8.377513697525453,
  9.81911151929957,
  12.876237252560424,
  15.493784668926018
 ],
 "Quantile Low (PVQ)": [
  -0.661762273956511,
  0.3014626275668637,
  2.5195400038237366,
  4.169506263849219,
  7.6695603951107625,
  10.562235503041784
 ],
 "Quantile High (PVQ)": [
  9.414948533557064,
  10.444910075778731,
  12.351404761750816,
  13.923033396797955,
  16.9927048510775,
  19.498763858741167
 ]
}